Timeout,Network,Delay_ms,Nodes,Run,Consensus_TPS,Consensus_Latency_ms,E2E_TPS,E2E_Latency_ms
fixed,local,50,4,1,985,68,985,92
fixed,local,50,4,2,986,58,985,82
fixed,local,50,4,3,958,61,956,85
fixed,local,50,4,4,959,61,958,85
fixed,local,50,4,5,986,59,985,83
fixed,local,50,4,6,988,58,986,82
fixed,local,50,4,7,959,59,958,83
fixed,local,50,4,8,957,68,956,94
fixed,local,50,4,9,987,58,985,81
fixed,local,50,4,10,985,58,984,81
fixed,local,50,4,11,958,80,957,141
fixed,local,50,4,12,999,70,999,93
fixed,local,50,4,13,987,58,985,81
fixed,local,50,4,14,957,59,956,83
fixed,local,50,4,15,958,59,957,83
fixed,local,50,4,16,987,59,985,83
fixed,local,50,4,17,987,58,986,82
fixed,local,50,4,18,958,61,958,85
fixed,local,50,4,19,956,82,955,140
fixed,local,50,4,20,986,74,986,98
fixed,local,50,4,21,993,74,992,131
fixed,local,50,4,22,988,57,987,80
fixed,local,50,4,23,957,60,956,84
fixed,local,50,4,24,998,56,997,79
fixed,local,50,4,25,959,60,957,84
fixed,local,50,4,26,957,61,957,85
fixed,local,50,4,27,959,59,958,83
fixed,local,50,4,28,957,60,957,84
fixed,local,50,4,29,991,57,990,81
fixed,local,50,4,30,989,67,989,92
fixed,regional,200,4,1,987,222,984,295
fixed,regional,200,4,2,981,228,977,304
fixed,regional,200,4,3,983,227,980,297
fixed,regional,200,4,4,951,226,947,299
fixed,regional,200,4,5,952,234,949,309
fixed,regional,200,4,6,991,217,983,290
fixed,regional,200,4,7,984,217,981,287
fixed,regional,200,4,8,951,224,948,297
fixed,regional,200,4,9,950,233,945,308
fixed,regional,200,4,10,994,216,985,285
fixed,regional,200,4,11,950,224,947,300
fixed,regional,200,4,12,949,229,948,303
fixed,regional,200,4,13,953,232,951,307
fixed,regional,200,4,14,956,227,947,300
fixed,regional,200,4,15,971,228,966,300
fixed,regional,200,4,16,954,227,951,302
fixed,regional,200,4,17,952,226,949,298
fixed,regional,200,4,18,968,217,967,285
fixed,regional,200,4,19,949,232,947,305
fixed,regional,200,4,20,980,229,975,302
fixed,regional,200,4,21,957,227,949,300
fixed,regional,200,4,22,950,296,946,383
fixed,regional,200,4,23,978,214,971,283
fixed,regional,200,4,24,980,226,976,296
fixed,regional,200,4,25,957,221,954,292
fixed,regional,200,4,26,972,229,968,303
fixed,regional,200,4,27,970,235,967,310
fixed,regional,200,4,28,976,228,973,302
fixed,regional,200,4,29,952,228,949,303
fixed,regional,200,4,30,953,227,951,299
fixed,global,500,4,1,932,624,931,809
fixed,global,500,4,2,945,546,941,719
fixed,global,500,4,3,969,557,964,726
fixed,global,500,4,4,959,515,954,678
fixed,global,500,4,5,974,539,972,704
fixed,global,500,4,6,953,581,938,757
fixed,global,500,4,7,948,566,940,737
fixed,global,500,4,8,949,588,945,755
fixed,global,500,4,9,962,524,956,674
fixed,global,500,4,10,939,575,924,751
fixed,global,500,4,11,947,566,932,742
fixed,global,500,4,12,992,622,977,804
fixed,global,500,4,13,986,539,977,703
fixed,global,500,4,14,934,578,926,754
fixed,global,500,4,15,955,564,940,740
fixed,global,500,4,16,979,576,968,748
fixed,global,500,4,17,973,607,954,783
fixed,global,500,4,18,970,568,956,739
fixed,global,500,4,19,925,588,924,769
fixed,global,500,4,20,989,524,972,687
fixed,global,500,4,21,941,600,941,779
fixed,global,500,4,22,933,539,931,707
fixed,global,500,4,23,978,574,963,745
fixed,global,500,4,24,957,553,956,723
fixed,global,500,4,25,930,727,929,994
fixed,global,500,4,26,952,580,935,754
fixed,global,500,4,27,935,565,921,742
fixed,global,500,4,28,943,574,933,748
fixed,global,500,4,29,973,540,968,702
fixed,global,500,4,30,994,541,976,709
exponential,local,50,4,1,958,60,957,84
exponential,local,50,4,2,990,58,988,81
exponential,local,50,4,3,992,58,991,80
exponential,local,50,4,4,957,59,956,83
exponential,local,50,4,5,960,60,958,83
exponential,local,50,4,6,990,57,989,80
exponential,local,50,4,7,992,56,992,80
exponential,local,50,4,8,992,58,990,80
exponential,local,50,4,9,958,59,956,83
exponential,local,50,4,10,992,69,989,95
exponential,local,50,4,11,993,57,991,79
exponential,local,50,4,12,990,59,990,81
exponential,local,50,4,13,959,60,959,84
exponential,local,50,4,14,959,60,957,84
exponential,local,50,4,15,994,55,992,79
exponential,local,50,4,16,994,56,993,81
exponential,local,50,4,17,958,60,957,85
exponential,local,50,4,18,960,61,958,86
exponential,local,50,4,19,997,58,995,82
exponential,local,50,4,20,993,59,991,82
exponential,local,50,4,21,992,58,991,82
exponential,local,50,4,22,958,60,957,84
exponential,local,50,4,23,975,57,991,80
exponential,local,50,4,24,994,57,993,80
exponential,local,50,4,25,993,58,991,81
exponential,local,50,4,26,956,60,956,84
exponential,local,50,4,27,957,73,956,102
exponential,local,50,4,28,994,59,993,82
exponential,local,50,4,29,993,58,993,80
exponential,local,50,4,30,966,57,964,82
exponential,regional,200,4,1,990,209,987,279
exponential,regional,200,4,2,983,221,981,290
exponential,regional,200,4,3,948,232,947,307
exponential,regional,200,4,4,954,231,953,306
exponential,regional,200,4,5,949,223,943,295
exponential,regional,200,4,6,952,222,948,295
exponential,regional,200,4,7,985,269,979,347
exponential,regional,200,4,8,988,231,985,304
exponential,regional,200,4,9,986,280,980,356
exponential,regional,200,4,10,953,325,951,462
exponential,regional,200,4,11,986,212,979,285
exponential,regional,200,4,12,993,215,991,284
exponential,regional,200,4,13,988,216,981,289
exponential,regional,200,4,14,952,234,949,309
exponential,regional,200,4,15,953,230,950,307
exponential,regional,200,4,16,986,216,980,287
exponential,regional,200,4,17,985,219,979,290
exponential,regional,200,4,18,958,284,953,368
exponential,regional,200,4,19,945,233,945,308
exponential,regional,200,4,20,990,225,989,293
exponential,regional,200,4,21,979,272,978,352
exponential,regional,200,4,22,986,211,982,279
exponential,regional,200,4,23,951,224,950,297
exponential,regional,200,4,24,984,226,983,299
exponential,regional,200,4,25,997,222,995,295
exponential,regional,200,4,26,957,225,953,297
exponential,regional,200,4,27,999,212,996,283
exponential,regional,200,4,28,990,225,985,295
exponential,regional,200,4,29,957,238,950,312
exponential,regional,200,4,30,956,225,950,299
exponential,global,500,4,1,971,550,960,721
exponential,global,500,4,2,939,558,937,737
exponential,global,500,4,3,960,692,950,890
exponential,global,500,4,4,978,533,970,687
exponential,global,500,4,5,937,559,930,731
exponential,global,500,4,6,984,530,975,706
exponential,global,500,4,7,977,657,955,845
exponential,global,500,4,8,920,558,918,721
exponential,global,500,4,9,927,556,921,720
exponential,global,500,4,10,975,541,968,709
exponential,global,500,4,11,972,543,959,707
exponential,global,500,4,12,944,580,930,755
exponential,global,500,4,13,950,612,938,796
exponential,global,500,4,14,978,542,969,703
exponential,global,500,4,15,936,551,930,726
exponential,global,500,4,16,979,478,977,636
exponential,global,500,4,17,967,573,953,749
exponential,global,500,4,18,973,571,968,748
exponential,global,500,4,19,927,737,918,940
exponential,global,500,4,20,949,584,935,758
exponential,global,500,4,21,967,688,965,879
exponential,global,500,4,22,999,521,987,696
exponential,global,500,4,23,939,567,936,739
exponential,global,500,4,24,937,572,927,742
exponential,global,500,4,25,973,641,970,837
exponential,global,500,4,26,968,710,965,911
exponential,global,500,4,27,964,543,962,702
exponential,global,500,4,28,948,563,938,738
exponential,global,500,4,29,968,551,962,714
exponential,global,500,4,30,977,479,973,631
adaptive,local,50,4,1,959,59,958,83
adaptive,local,50,4,2,998,59,996,82
adaptive,local,50,4,3,958,74,957,101
adaptive,local,50,4,4,959,60,957,84
adaptive,local,50,4,5,959,61,958,85
adaptive,local,50,4,6,987,57,985,80
adaptive,local,50,4,7,958,60,957,84
adaptive,local,50,4,8,988,58,986,80
adaptive,local,50,4,9,981,74,980,100
adaptive,local,50,4,10,986,61,985,83
adaptive,local,50,4,11,961,61,959,85
adaptive,local,50,4,12,964,63,985,87
adaptive,local,50,4,13,990,58,988,81
adaptive,local,50,4,14,990,57,989,80
adaptive,local,50,4,15,960,60,958,84
adaptive,local,50,4,16,958,60,957,84
adaptive,local,50,4,17,988,57,985,81
adaptive,local,50,4,18,988,58,987,82
adaptive,local,50,4,19,988,57,987,81
adaptive,local,50,4,20,958,61,957,85
adaptive,local,50,4,21,989,55,987,79
adaptive,local,50,4,22,987,68,985,90
adaptive,local,50,4,23,989,59,987,82
adaptive,local,50,4,24,958,74,956,101
adaptive,local,50,4,25,959,60,957,84
adaptive,local,50,4,26,992,62,991,86
adaptive,local,50,4,27,958,59,957,83
adaptive,local,50,4,28,1005,58,1002,82
adaptive,local,50,4,29,988,58,987,82
adaptive,local,50,4,30,990,59,988,82
adaptive,regional,200,4,1,990,227,986,300
adaptive,regional,200,4,2,994,219,988,292
adaptive,regional,200,4,3,950,222,949,294
adaptive,regional,200,4,4,952,271,946,352
adaptive,regional,200,4,5,1000,215,994,287
adaptive,regional,200,4,6,987,224,985,295
adaptive,regional,200,4,7,985,215,983,284
adaptive,regional,200,4,8,951,232,947,305
adaptive,regional,200,4,9,991,214,986,288
adaptive,regional,200,4,10,993,220,985,295
adaptive,regional,200,4,11,985,210,982,275
adaptive,regional,200,4,12,954,228,950,303
adaptive,regional,200,4,13,952,228,949,302
adaptive,regional,200,4,14,995,214,987,284
adaptive,regional,200,4,15,990,216,983,284
adaptive,regional,200,4,16,943,267,942,350
adaptive,regional,200,4,17,951,221,947,296
adaptive,regional,200,4,18,985,206,982,274
adaptive,regional,200,4,19,950,230,950,303
adaptive,regional,200,4,20,952,226,949,298
adaptive,regional,200,4,21,955,229,949,304
adaptive,regional,200,4,22,956,228,953,300
adaptive,regional,200,4,23,981,221,977,292
adaptive,regional,200,4,24,979,223,975,296
adaptive,regional,200,4,25,951,230,949,304
adaptive,regional,200,4,26,980,218,973,287
adaptive,regional,200,4,27,982,229,974,302
adaptive,regional,200,4,28,983,221,982,288
adaptive,regional,200,4,29,957,227,954,301
adaptive,regional,200,4,30,949,238,948,314
adaptive,global,500,4,1,921,583,919,757
adaptive,global,500,4,2,939,565,930,737
adaptive,global,500,4,3,984,491,961,648
adaptive,global,500,4,4,971,561,958,736
adaptive,global,500,4,5,964,554,963,723
adaptive,global,500,4,6,931,544,928,718
adaptive,global,500,4,7,960,780,947,1134
adaptive,global,500,4,8,985,576,965,761
adaptive,global,500,4,9,959,567,958,734
adaptive,global,500,4,10,936,536,934,700
adaptive,global,500,4,11,934,559,930,727
adaptive,global,500,4,12,962,509,958,667
adaptive,global,500,4,13,972,503,964,663
adaptive,global,500,4,14,987,617,927,830
adaptive,global,500,4,15,920,563,907,732
adaptive,global,500,4,16,987,563,975,728
adaptive,global,500,4,17,934,568,931,750
adaptive,global,500,4,18,982,557,976,724
adaptive,global,500,4,19,950,530,936,704
adaptive,global,500,4,20,978,562,961,722
adaptive,global,500,4,21,945,571,928,751
adaptive,global,500,4,22,938,552,936,726
adaptive,global,500,4,23,976,549,967,714
adaptive,global,500,4,24,995,499,988,647
adaptive,global,500,4,25,933,705,918,905
adaptive,global,500,4,26,1109,808,924,1272
adaptive,global,500,4,27,978,582,975,742
adaptive,global,500,4,28,966,556,965,717
adaptive,global,500,4,29,960,543,944,718
adaptive,global,500,4,30,953,594,922,779
fixed,local,50,7,1,1017,67,1014,92
fixed,local,50,7,2,976,69,976,94
fixed,local,50,7,3,977,69,976,94
fixed,local,50,7,4,1019,65,1018,90
fixed,local,50,7,5,977,69,976,94
fixed,local,50,7,6,1030,65,1028,88
fixed,local,50,7,7,1015,64,1015,89
fixed,local,50,7,8,1015,65,1014,91
fixed,local,50,7,9,978,69,976,95
fixed,local,50,7,10,978,67,977,92
fixed,local,50,7,11,1013,65,1012,89
fixed,local,50,7,12,1009,66,1007,92
fixed,local,50,7,13,1021,63,1018,88
fixed,local,50,7,14,977,69,976,94
fixed,local,50,7,15,1013,64,1012,89
fixed,local,50,7,16,1015,66,1013,91
fixed,local,50,7,17,1017,66,1016,91
fixed,local,50,7,18,977,68,976,94
fixed,local,50,7,19,977,74,975,100
fixed,local,50,7,20,1020,64,1019,89
fixed,local,50,7,21,1024,65,1023,89
fixed,local,50,7,22,1013,64,1011,88
fixed,local,50,7,23,978,71,976,97
fixed,local,50,7,24,1015,66,1014,90
fixed,local,50,7,25,1020,63,1019,88
fixed,local,50,7,26,1021,64,1020,87
fixed,local,50,7,27,975,68,974,93
fixed,local,50,7,28,976,72,975,98
fixed,local,50,7,29,1022,65,1019,90
fixed,local,50,7,30,1019,64,1019,89
fixed,regional,200,7,1,974,265,969,343
fixed,regional,200,7,2,1012,256,1011,332
fixed,regional,200,7,3,971,265,967,343
fixed,regional,200,7,4,1024,251,1024,324
fixed,regional,200,7,5,1010,327,1002,405
fixed,regional,200,7,6,1008,243,1002,315
fixed,regional,200,7,7,1014,445,963,601
fixed,regional,200,7,8,1010,257,1008,337
fixed,regional,200,7,9,1011,240,1010,316
fixed,regional,200,7,10,1013,250,1008,324
fixed,regional,200,7,11,968,264,963,341
fixed,regional,200,7,12,967,252,965,329
fixed,regional,200,7,13,996,255,992,328
fixed,regional,200,7,14,997,252,995,328
fixed,regional,200,7,15,965,270,962,349
fixed,regional,200,7,16,971,264,966,342
fixed,regional,200,7,17,994,266,989,342
fixed,regional,200,7,18,991,255,990,329
fixed,regional,200,7,19,962,274,961,356
fixed,regional,200,7,20,967,261,965,338
fixed,regional,200,7,21,966,263,965,341
fixed,regional,200,7,22,1008,248,1001,320
fixed,regional,200,7,23,993,252,992,329
fixed,regional,200,7,24,973,265,967,342
fixed,regional,200,7,25,967,257,965,334
fixed,regional,200,7,26,999,250,997,327
fixed,regional,200,7,27,996,447,968,594
fixed,regional,200,7,28,1011,263,1005,343
fixed,regional,200,7,29,1001,242,999,314
fixed,regional,200,7,30,1002,254,998,329
fixed,global,500,7,1,994,637,985,811
fixed,global,500,7,2,995,607,989,787
fixed,global,500,7,3,961,662,945,850
fixed,global,500,7,4,964,624,948,798
fixed,global,500,7,5,1002,639,994,812
fixed,global,500,7,6,957,817,942,1035
fixed,global,500,7,7,971,638,994,801
fixed,global,500,7,8,984,600,981,774
fixed,global,500,7,9,948,591,938,761
fixed,global,500,7,10,1004,628,993,803
fixed,global,500,7,11,998,630,982,807
fixed,global,500,7,12,976,633,959,821
fixed,global,500,7,13,967,702,950,902
fixed,global,500,7,14,1009,609,998,783
fixed,global,500,7,15,1001,600,999,771
fixed,global,500,7,16,986,674,981,863
fixed,global,500,7,17,961,633,952,809
fixed,global,500,7,18,959,637,949,816
fixed,global,500,7,19,952,733,941,936
fixed,global,500,7,20,988,642,987,814
fixed,global,500,7,21,0,0,0,0
fixed,global,500,7,22,951,644,951,824
fixed,global,500,7,23,1010,625,997,798
fixed,global,500,7,24,987,617,981,783
fixed,global,500,7,25,984,687,978,867
fixed,global,500,7,26,944,737,943,935
fixed,global,500,7,27,983,642,992,805
fixed,global,500,7,28,1006,618,1000,795
fixed,global,500,7,29,997,597,991,780
fixed,global,500,7,30,956,669,943,860
exponential,local,50,7,1,1019,65,1018,89
exponential,local,50,7,2,1022,65,1021,90
exponential,local,50,7,3,976,69,975,95
exponential,local,50,7,4,978,69,976,95
exponential,local,50,7,5,1021,64,1019,88
exponential,local,50,7,6,1023,65,1022,89
exponential,local,50,7,7,976,68,975,93
exponential,local,50,7,8,977,67,976,92
exponential,local,50,7,9,1023,65,1022,90
exponential,local,50,7,10,1028,65,1026,88
exponential,local,50,7,11,1028,65,1027,90
exponential,local,50,7,12,977,68,976,93
exponential,local,50,7,13,980,67,980,92
exponential,local,50,7,14,1024,66,1022,90
exponential,local,50,7,15,1024,76,1023,98
exponential,local,50,7,16,978,68,976,94
exponential,local,50,7,17,979,68,977,93
exponential,local,50,7,18,1024,65,1021,88
exponential,local,50,7,19,1029,81,1028,104
exponential,local,50,7,20,1024,62,1023,87
exponential,local,50,7,21,978,68,977,94
exponential,local,50,7,22,977,73,975,100
exponential,local,50,7,23,1026,74,1025,89
exponential,local,50,7,24,1031,64,1030,88
exponential,local,50,7,25,977,69,976,94
exponential,local,50,7,26,977,69,976,95
exponential,local,50,7,27,1024,66,1023,90
exponential,local,50,7,28,1026,65,1025,89
exponential,local,50,7,29,1026,65,1024,89
exponential,local,50,7,30,978,68,977,93
exponential,regional,200,7,1,974,262,968,340
exponential,regional,200,7,2,1020,248,1015,324
exponential,regional,200,7,3,1014,278,1010,350
exponential,regional,200,7,4,1021,240,1018,317
exponential,regional,200,7,5,969,268,968,348
exponential,regional,200,7,6,983,249,1017,318
exponential,regional,200,7,7,1018,288,1017,355
exponential,regional,200,7,8,1016,241,1010,313
exponential,regional,200,7,9,974,291,967,376
exponential,regional,200,7,10,973,263,969,342
exponential,regional,200,7,11,1023,257,1018,334
exponential,regional,200,7,12,1024,241,1022,311
exponential,regional,200,7,13,1023,245,1015,317
exponential,regional,200,7,14,965,263,965,341
exponential,regional,200,7,15,1020,246,1013,315
exponential,regional,200,7,16,1026,244,1023,311
exponential,regional,200,7,17,1017,240,1016,313
exponential,regional,200,7,18,966,321,964,412
exponential,regional,200,7,19,970,255,968,332
exponential,regional,200,7,20,1022,249,1019,319
exponential,regional,200,7,21,1023,242,1018,317
exponential,regional,200,7,22,976,258,972,337
exponential,regional,200,7,23,964,270,964,350
exponential,regional,200,7,24,1027,246,1022,319
exponential,regional,200,7,25,1022,249,1018,323
exponential,regional,200,7,26,1021,250,1020,321
exponential,regional,200,7,27,969,261,967,338
exponential,regional,200,7,28,965,266,965,345
exponential,regional,200,7,29,1021,252,1016,327
exponential,regional,200,7,30,973,263,965,343
exponential,global,500,7,1,948,646,940,828
exponential,global,500,7,2,1025,4362,868,5513
exponential,global,500,7,3,1007,765,990,985
exponential,global,500,7,4,966,640,951,820
exponential,global,500,7,5,952,721,943,917
exponential,global,500,7,6,1017,662,992,848
exponential,global,500,7,7,994,591,992,763
exponential,global,500,7,8,1006,603,997,781
exponential,global,500,7,9,966,631,957,817
exponential,global,500,7,10,1029,571,1010,756
exponential,global,500,7,11,1005,618,996,783
exponential,global,500,7,12,1016,582,1005,759
exponential,global,500,7,13,953,661,942,845
exponential,global,500,7,14,969,636,956,813
exponential,global,500,7,15,1010,636,1004,808
exponential,global,500,7,16,1015,573,1008,726
exponential,global,500,7,17,957,850,941,1074
exponential,global,500,7,18,925,842,910,1073
exponential,global,500,7,19,1141,1364,1001,1928
exponential,global,500,7,20,994,623,987,811
exponential,global,500,7,21,1007,604,1002,784
exponential,global,500,7,22,966,665,955,851
exponential,global,500,7,23,947,616,945,795
exponential,global,500,7,24,1013,593,1001,758
exponential,global,500,7,25,1023,615,1009,780
exponential,global,500,7,26,952,651,947,830
exponential,global,500,7,27,967,827,952,1049
exponential,global,500,7,28,1003,594,1002,776
exponential,global,500,7,29,1016,591,1005,761
exponential,global,500,7,30,1015,584,1010,757
adaptive,local,50,7,1,1032,63,1031,87
adaptive,local,50,7,2,1030,63,1029,89
adaptive,local,50,7,3,978,69,976,94
adaptive,local,50,7,4,977,68,976,94
adaptive,local,50,7,5,1033,64,1031,89
adaptive,local,50,7,6,1031,65,1031,91
adaptive,local,50,7,7,1031,61,1030,85
adaptive,local,50,7,8,979,68,977,93
adaptive,local,50,7,9,1012,66,1031,90
adaptive,local,50,7,10,975,68,975,94
adaptive,local,50,7,11,977,75,976,102
adaptive,local,50,7,12,1030,65,1029,89
adaptive,local,50,7,13,1030,64,1028,88
adaptive,local,50,7,14,1002,63,1002,87
adaptive,local,50,7,15,976,88,975,117
adaptive,local,50,7,16,1030,65,1029,90
adaptive,local,50,7,17,978,68,976,94
adaptive,local,50,7,18,977,69,975,94
adaptive,local,50,7,19,1034,64,1033,88
adaptive,local,50,7,20,1027,64,1027,89
adaptive,local,50,7,21,977,68,977,94
adaptive,local,50,7,22,978,69,976,94
adaptive,local,50,7,23,1029,64,1028,88
adaptive,local,50,7,24,1031,72,1030,93
adaptive,local,50,7,25,1030,65,1028,90
adaptive,local,50,7,26,977,69,976,95
adaptive,local,50,7,27,977,68,976,93
adaptive,local,50,7,28,1029,70,1028,95
adaptive,local,50,7,29,976,69,975,95
adaptive,local,50,7,30,1054,62,1052,86
adaptive,regional,200,7,1,971,260,966,337
adaptive,regional,200,7,2,972,284,966,368
adaptive,regional,200,7,3,1021,239,1014,312
adaptive,regional,200,7,4,1026,231,1024,303
adaptive,regional,200,7,5,971,257,968,335
adaptive,regional,200,7,6,979,262,972,340
adaptive,regional,200,7,7,1016,253,1015,330
adaptive,regional,200,7,8,1031,250,1025,322
adaptive,regional,200,7,9,1037,247,1028,321
adaptive,regional,200,7,10,973,262,964,340
adaptive,regional,200,7,11,1038,241,1030,309
adaptive,regional,200,7,12,1018,278,1017,338
adaptive,regional,200,7,13,1030,243,1022,315
adaptive,regional,200,7,14,972,258,970,335
adaptive,regional,200,7,15,972,259,969,336
adaptive,regional,200,7,16,1023,246,1020,317
adaptive,regional,200,7,17,1025,244,1021,321
adaptive,regional,200,7,18,997,249,991,314
adaptive,regional,200,7,19,961,286,960,368
adaptive,regional,200,7,20,1028,246,1027,321
adaptive,regional,200,7,21,1034,244,1028,322
adaptive,regional,200,7,22,1030,249,1024,321
adaptive,regional,200,7,23,970,266,966,346
adaptive,regional,200,7,24,970,265,968,343
adaptive,regional,200,7,25,1031,257,1023,328
adaptive,regional,200,7,26,1028,248,1018,318
adaptive,regional,200,7,27,971,259,967,336
adaptive,regional,200,7,28,966,261,965,337
adaptive,regional,200,7,29,1028,251,1025,322
adaptive,regional,200,7,30,1028,245,1025,315
adaptive,global,500,7,1,946,1583,935,2491
adaptive,global,500,7,2,1023,572,1004,737
adaptive,global,500,7,3,1005,710,997,905
adaptive,global,500,7,4,945,667,938,852
adaptive,global,500,7,5,952,660,928,841
adaptive,global,500,7,6,1013,616,1005,778
adaptive,global,500,7,7,1016,570,1001,731
adaptive,global,500,7,8,863,712,851,901
adaptive,global,500,7,9,951,610,947,784
adaptive,global,500,7,10,985,656,999,828
adaptive,global,500,7,11,966,711,946,909
adaptive,global,500,7,12,1002,632,981,813
adaptive,global,500,7,13,957,649,957,837
adaptive,global,500,7,14,1006,615,1003,794
adaptive,global,500,7,15,1015,597,1001,760
adaptive,global,500,7,16,986,669,984,861
adaptive,global,500,7,17,938,819,937,1037
adaptive,global,500,7,18,953,655,947,834
adaptive,global,500,7,19,999,625,992,796
adaptive,global,500,7,20,999,586,992,757
adaptive,global,500,7,21,987,622,978,803
adaptive,global,500,7,22,968,634,947,812
adaptive,global,500,7,23,1006,680,995,861
adaptive,global,500,7,24,1003,628,990,808
adaptive,global,500,7,25,994,583,983,742
adaptive,global,500,7,26,770,754,769,936
adaptive,global,500,7,27,1149,2541,917,5528
adaptive,global,500,7,28,996,712,992,903
adaptive,global,500,7,29,1006,698,993,882
adaptive,global,500,7,30,975,667,966,860
fixed,local,50,10,1,1041,87,1040,106
fixed,local,50,10,2,1043,70,1041,94
fixed,local,50,10,3,1077,98,994,184
fixed,local,50,10,4,996,72,994,99
fixed,local,50,10,5,1044,66,1043,91
fixed,local,50,10,6,1042,83,1040,103
fixed,local,50,10,7,1043,70,1041,95
fixed,local,50,10,8,997,76,995,102
fixed,local,50,10,9,997,72,995,98
fixed,local,50,10,10,1042,75,1039,98
fixed,local,50,10,11,998,71,996,97
fixed,local,50,10,12,1060,66,1059,91
fixed,local,50,10,13,1042,68,1040,93
fixed,local,50,10,14,1054,66,1052,89
fixed,local,50,10,15,996,74,995,101
fixed,local,50,10,16,996,76,995,107
fixed,local,50,10,17,1045,68,1043,93
fixed,local,50,10,18,1045,69,1041,95
fixed,local,50,10,19,1021,109,1021,240
fixed,local,50,10,20,996,77,994,105
fixed,local,50,10,21,1042,67,1041,94
fixed,local,50,10,22,1049,85,1048,103
fixed,local,50,10,23,998,72,996,98
fixed,local,50,10,24,1069,64,1066,89
fixed,local,50,10,25,995,72,994,98
fixed,local,50,10,26,1060,70,1059,95
fixed,local,50,10,27,997,72,995,99
fixed,local,50,10,28,996,78,995,105
fixed,local,50,10,29,1042,70,1041,95
fixed,local,50,10,30,1040,76,1039,95
fixed,regional,200,10,1,993,282,989,364
fixed,regional,200,10,2,1047,343,1042,418
fixed,regional,200,10,3,0,0,0,0
fixed,regional,200,10,4,1043,297,1037,361
fixed,regional,200,10,5,987,272,985,352
fixed,regional,200,10,6,1040,266,1044,325
fixed,regional,200,10,7,1049,252,1044,330
fixed,regional,200,10,8,1046,250,1043,326
fixed,regional,200,10,9,0,0,0,0
fixed,regional,200,10,10,987,280,985,360
fixed,regional,200,10,11,1059,261,1048,340
fixed,regional,200,10,12,0,0,0,0
fixed,regional,200,10,13,1050,264,1042,350
fixed,regional,200,10,14,990,305,982,406
fixed,regional,200,10,15,1032,299,1043,392
fixed,regional,200,10,16,1050,286,1043,354
fixed,regional,200,10,17,1052,259,1046,336
fixed,regional,200,10,18,989,281,983,364
fixed,regional,200,10,19,990,279,984,359
fixed,regional,200,10,20,0,0,0,0
fixed,regional,200,10,21,1046,256,1038,341
fixed,regional,200,10,22,991,279,985,361
fixed,regional,200,10,23,987,382,978,501
fixed,regional,200,10,24,1049,254,1045,335
fixed,regional,200,10,25,1054,263,1049,342
fixed,regional,200,10,26,986,367,981,477
fixed,regional,200,10,27,0,0,0,0
fixed,regional,200,10,28,1028,261,1023,343
fixed,regional,200,10,29,1005,262,998,342
fixed,regional,200,10,30,989,282,981,363
fixed,global,500,10,1,0,0,0,0
fixed,global,500,10,2,168,1310,141,1429
fixed,global,500,10,3,970,805,960,1020
fixed,global,500,10,4,1028,637,1027,814
fixed,global,500,10,5,1024,640,1016,820
fixed,global,500,10,6,1034,637,1021,820
fixed,global,500,10,7,998,710,975,903
fixed,global,500,10,8,375,1401,369,1611
fixed,global,500,10,9,1011,663,1009,847
fixed,global,500,10,10,597,1055,593,1436
fixed,global,500,10,11,539,1418,499,1716
fixed,global,500,10,12,965,744,961,943
fixed,global,500,10,13,1013,639,1010,832
fixed,global,500,10,14,24,15647,24,15811
fixed,global,500,10,15,1034,652,1022,833
fixed,global,500,10,16,163,3279,162,3602
fixed,global,500,10,17,970,712,966,908
fixed,global,500,10,18,482,857,397,1021
fixed,global,500,10,19,0,0,0,0
fixed,global,500,10,20,964,738,957,947
fixed,global,500,10,21,378,1549,376,1792
fixed,global,500,10,22,1013,658,1011,828
fixed,global,500,10,23,125,1043,108,1115
fixed,global,500,10,24,1021,717,1019,909
fixed,global,500,10,25,719,930,628,1233
fixed,global,500,10,26,369,1050,358,1225
fixed,global,500,10,27,379,936,267,1125
fixed,global,500,10,28,407,1274,402,1485
fixed,global,500,10,29,896,1084,845,1389
fixed,global,500,10,30,979,671,964,853
exponential,local,50,10,1,1054,66,1053,91
exponential,local,50,10,2,995,74,994,100
exponential,local,50,10,3,995,72,994,98
exponential,local,50,10,4,1055,68,1054,92
exponential,local,50,10,5,1055,66,1053,91
exponential,local,50,10,6,1069,77,1068,86
exponential,local,50,10,7,995,73,994,100
exponential,local,50,10,8,995,73,994,99
exponential,local,50,10,9,1053,66,1052,91
exponential,local,50,10,10,1056,69,1055,92
exponential,local,50,10,11,996,72,995,98
exponential,local,50,10,12,996,73,995,99
exponential,local,50,10,13,1058,93,1054,167
exponential,local,50,10,14,1060,66,1057,91
exponential,local,50,10,15,1063,64,1061,91
exponential,local,50,10,16,1000,72,995,98
exponential,local,50,10,17,996,73,995,99
exponential,local,50,10,18,1057,67,1055,93
exponential,local,50,10,19,999,77,995,104
exponential,local,50,10,20,1058,63,1091,87
exponential,local,50,10,21,1058,69,1056,93
exponential,local,50,10,22,1059,65,1058,91
exponential,local,50,10,23,995,72,995,98
exponential,local,50,10,24,997,72,995,98
exponential,local,50,10,25,1071,93,1061,140
exponential,local,50,10,26,1067,66,1062,91
exponential,local,50,10,27,1056,68,1054,91
exponential,local,50,10,28,995,73,994,99
exponential,local,50,10,29,997,71,995,97
exponential,local,50,10,30,1073,104,1057,152
exponential,regional,200,10,1,997,304,987,409
exponential,regional,200,10,2,1041,259,1048,333
exponential,regional,200,10,3,1056,248,1048,333
exponential,regional,200,10,4,1056,284,1048,365
exponential,regional,200,10,5,988,273,986,352
exponential,regional,200,10,6,985,330,982,424
exponential,regional,200,10,7,1058,260,1050,334
exponential,regional,200,10,8,1058,269,1048,356
exponential,regional,200,10,9,1052,249,1048,328
exponential,regional,200,10,10,988,295,983,386
exponential,regional,200,10,11,990,278,986,358
exponential,regional,200,10,12,1059,262,1054,336
exponential,regional,200,10,13,986,274,985,357
exponential,regional,200,10,14,991,268,985,347
exponential,regional,200,10,15,987,282,985,366
exponential,regional,200,10,16,1033,249,1032,325
exponential,regional,200,10,17,1052,259,1046,331
exponential,regional,200,10,18,988,301,982,391
exponential,regional,200,10,19,1042,321,1041,388
exponential,regional,200,10,20,988,278,982,359
exponential,regional,200,10,21,988,277,986,358
exponential,regional,200,10,22,990,272,984,352
exponential,regional,200,10,23,1034,262,1033,336
exponential,regional,200,10,24,1024,262,1016,342
exponential,regional,200,10,25,987,286,985,373
exponential,regional,200,10,26,992,273,985,357
exponential,regional,200,10,27,1177,1429,1023,1998
exponential,regional,200,10,28,1039,315,1031,393
exponential,regional,200,10,29,1046,253,1040,327
exponential,regional,200,10,30,990,289,984,374
exponential,global,500,10,1,0,0,0,0
exponential,global,500,10,2,193,2639,190,2861
exponential,global,500,10,3,974,689,965,878
exponential,global,500,10,4,236,2340,231,2488
exponential,global,500,10,5,1033,659,1023,853
exponential,global,500,10,6,1025,643,1020,820
exponential,global,500,10,7,976,727,966,925
exponential,global,500,10,8,593,768,584,959
exponential,global,500,10,9,1020,657,1013,828
exponential,global,500,10,10,1026,707,1015,878
exponential,global,500,10,11,966,696,962,884
exponential,global,500,10,12,0,0,0,0
exponential,global,500,10,13,0,0,0,0
exponential,global,500,10,14,1027,632,1021,815
exponential,global,500,10,15,1024,664,1013,844
exponential,global,500,10,16,968,709,961,903
exponential,global,500,10,17,976,655,971,834
exponential,global,500,10,18,1037,669,1029,839
exponential,global,500,10,19,55,5212,55,5433
exponential,global,500,10,20,962,912,954,1157
exponential,global,500,10,21,417,1643,404,1938
exponential,global,500,10,22,209,3316,208,3561
exponential,global,500,10,23,276,1769,275,1962
exponential,global,500,10,24,0,0,0,0
exponential,global,500,10,25,960,762,951,964
exponential,global,500,10,26,962,735,956,934
exponential,global,500,10,27,250,2206,246,2467
exponential,global,500,10,28,1026,646,1022,829
exponential,global,500,10,29,977,704,963,895
exponential,global,500,10,30,972,661,967,848
adaptive,local,50,10,1,1039,68,1039,93
adaptive,local,50,10,2,1000,78,995,106
adaptive,local,50,10,3,1046,69,1054,93
adaptive,local,50,10,4,1053,65,1051,91
adaptive,local,50,10,5,1054,85,1053,96
adaptive,local,50,10,6,997,72,995,99
adaptive,local,50,10,7,998,72,996,98
adaptive,local,50,10,8,1058,65,1056,91
adaptive,local,50,10,9,1054,67,1053,92
adaptive,local,50,10,10,1056,67,1054,92
adaptive,local,50,10,11,996,73,994,99
adaptive,local,50,10,12,999,95,994,128
adaptive,local,50,10,13,997,72,996,99
adaptive,local,50,10,14,999,84,994,113
adaptive,local,50,10,15,1062,67,1060,92
adaptive,local,50,10,16,1058,68,1057,94
adaptive,local,50,10,17,1129,92,1059,142
adaptive,local,50,10,18,996,77,995,104
adaptive,local,50,10,19,996,78,994,105
adaptive,local,50,10,20,1058,64,1055,89
adaptive,local,50,10,21,1060,68,1057,92
adaptive,local,50,10,22,1056,66,1055,90
adaptive,local,50,10,23,996,71,994,97
adaptive,local,50,10,24,1029,67,1058,93
adaptive,local,50,10,25,1070,77,1067,93
adaptive,local,50,10,26,1067,78,1060,89
adaptive,local,50,10,27,997,77,994,104
adaptive,local,50,10,28,996,72,995,98
adaptive,local,50,10,29,1058,66,1056,91
adaptive,local,50,10,30,1059,70,1058,94
adaptive,regional,200,10,1,1138,593,981,907
adaptive,regional,200,10,2,1049,282,1046,340
adaptive,regional,200,10,3,1062,257,1053,328
adaptive,regional,200,10,4,1060,248,1054,323
adaptive,regional,200,10,5,988,309,982,414
adaptive,regional,200,10,6,1157,2409,1051,3720
adaptive,regional,200,10,7,1051,283,1046,386
adaptive,regional,200,10,8,1057,481,1049,863
adaptive,regional,200,10,9,989,322,982,412
adaptive,regional,200,10,10,992,277,985,357
adaptive,regional,200,10,11,1056,243,1050,316
adaptive,regional,200,10,12,1049,310,1043,397
adaptive,regional,200,10,13,988,281,983,366
adaptive,regional,200,10,14,1092,230,1082,301
adaptive,regional,200,10,15,1056,288,1047,347
adaptive,regional,200,10,16,988,285,988,368
adaptive,regional,200,10,17,984,324,981,418
adaptive,regional,200,10,18,1054,254,1049,329
adaptive,regional,200,10,19,1053,246,1050,324
adaptive,regional,200,10,20,982,286,981,368
adaptive,regional,200,10,21,1137,337,1078,456
adaptive,regional,200,10,22,1049,382,1043,599
adaptive,regional,200,10,23,987,302,985,399
adaptive,regional,200,10,24,983,302,983,388
adaptive,regional,200,10,25,1049,262,1047,346
adaptive,regional,200,10,26,891,2635,747,3930
adaptive,regional,200,10,27,1273,356,1047,686
adaptive,regional,200,10,28,984,278,983,359
adaptive,regional,200,10,29,1350,916,1071,1435
adaptive,regional,200,10,30,990,284,984,367
adaptive,global,500,10,1,1028,2298,1017,3848
adaptive,global,500,10,2,1038,635,1030,816
adaptive,global,500,10,3,706,928,644,1550
adaptive,global,500,10,4,903,852,894,1062
adaptive,global,500,10,5,1031,5212,1015,8099
adaptive,global,500,10,6,1051,647,1033,827
adaptive,global,500,10,7,685,6607,406,8875
adaptive,global,500,10,8,973,799,970,1016
adaptive,global,500,10,9,1028,3258,1020,4742
adaptive,global,500,10,10,1024,2296,1013,3337
adaptive,global,500,10,11,1037,595,1023,778
adaptive,global,500,10,12,946,3768,663,5538
adaptive,global,500,10,13,0,0,0,0
adaptive,global,500,10,14,1029,2099,1025,3593
adaptive,global,500,10,15,1053,651,1048,816
adaptive,global,500,10,16,887,819,873,1051
adaptive,global,500,10,17,975,1713,960,3455
adaptive,global,500,10,18,1027,1189,1021,1899
adaptive,global,500,10,19,955,2300,948,3559
adaptive,global,500,10,20,737,994,708,1411
adaptive,global,500,10,21,1032,718,1029,912
adaptive,global,500,10,22,1041,822,1024,1012
adaptive,global,500,10,23,976,706,966,899
adaptive,global,500,10,24,978,702,964,902
adaptive,global,500,10,25,0,0,0,0
adaptive,global,500,10,26,1019,658,1006,860
adaptive,global,500,10,27,1038,716,1025,915
adaptive,global,500,10,28,777,879,765,1119
adaptive,global,500,10,29,930,6494,927,9838
adaptive,global,500,10,30,1308,5340,964,7583
fixed,local,50,13,1,776,78,775,106
fixed,local,50,13,2,855,67,853,87
fixed,local,50,13,3,776,74,775,100
fixed,local,50,13,4,777,81,775,109
fixed,local,50,13,5,830,78,829,101
fixed,local,50,13,6,830,69,829,94
fixed,local,50,13,7,829,67,829,91
fixed,local,50,13,8,792,80,774,111
fixed,local,50,13,9,776,81,775,109
fixed,local,50,13,10,832,77,829,88
fixed,local,50,13,11,832,281,829,389
fixed,local,50,13,12,831,69,829,93
fixed,local,50,13,13,775,75,775,101
fixed,local,50,13,14,788,171,773,410
fixed,local,50,13,15,831,144,829,194
fixed,local,50,13,16,835,69,833,93
fixed,local,50,13,17,776,75,775,101
fixed,local,50,13,18,857,75,855,88
fixed,local,50,13,19,828,243,828,355
fixed,local,50,13,20,776,84,775,113
fixed,local,50,13,21,859,76,857,83
fixed,local,50,13,22,829,70,827,95
fixed,local,50,13,23,777,74,775,99
fixed,local,50,13,24,776,74,775,100
fixed,local,50,13,25,838,113,829,163
fixed,local,50,13,26,833,67,830,92
fixed,local,50,13,27,776,91,775,122
fixed,local,50,13,28,861,67,858,91
fixed,local,50,13,29,832,69,831,93
fixed,local,50,13,30,780,66,779,92
fixed,regional,200,13,1,0,0,0,0
fixed,regional,200,13,2,0,0,0,0
fixed,regional,200,13,3,780,302,766,388
fixed,regional,200,13,4,768,306,766,392
fixed,regional,200,13,5,824,265,822,347
fixed,regional,200,13,6,830,245,825,322
fixed,regional,200,13,7,829,321,826,387
fixed,regional,200,13,8,768,293,767,379
fixed,regional,200,13,9,769,309,766,396
fixed,regional,200,13,10,826,258,822,337
fixed,regional,200,13,11,825,260,821,338
fixed,regional,200,13,12,833,312,824,370
fixed,regional,200,13,13,772,288,768,372
fixed,regional,200,13,14,771,284,766,364
fixed,regional,200,13,15,898,209,889,280
fixed,regional,200,13,16,816,317,813,404
fixed,regional,200,13,17,773,326,766,417
fixed,regional,200,13,18,774,286,768,367
fixed,regional,200,13,19,823,356,819,440
fixed,regional,200,13,20,0,0,0,0
fixed,regional,200,13,21,824,268,822,342
fixed,regional,200,13,22,0,0,0,0
fixed,regional,200,13,23,0,0,0,0
fixed,regional,200,13,24,831,268,823,338
fixed,regional,200,13,25,0,0,0,0
fixed,regional,200,13,26,772,296,767,379
fixed,regional,200,13,27,766,288,765,370
fixed,regional,200,13,28,832,236,824,315
fixed,regional,200,13,29,827,266,820,343
fixed,regional,200,13,30,827,241,825,312
fixed,global,500,13,1,84,5197,82,5452
fixed,global,500,13,2,819,771,805,970
fixed,global,500,13,3,165,3967,159,4292
fixed,global,500,13,4,0,0,0,0
fixed,global,500,13,5,0,0,0,0
fixed,global,500,13,6,2,1379,2,1394
fixed,global,500,13,7,169,3354,156,3661
fixed,global,500,13,8,761,779,750,987
fixed,global,500,13,9,0,0,0,0
fixed,global,500,13,10,0,0,0,0
fixed,global,500,13,11,126,3464,123,3786
fixed,global,500,13,12,0,0,0,0
fixed,global,500,13,13,1,8454,1,8481
fixed,global,500,13,14,0,0,0,0
fixed,global,500,13,15,0,0,0,0
fixed,global,500,13,16,15,1420,14,1468
fixed,global,500,13,17,0,0,0,0
fixed,global,500,13,18,0,0,0,0
fixed,global,500,13,19,0,0,0,0
fixed,global,500,13,20,0,0,0,0
fixed,global,500,13,21,0,0,0,0
fixed,global,500,13,22,0,0,0,0
fixed,global,500,13,23,456,1311,396,1582
fixed,global,500,13,24,0,0,0,0
fixed,global,500,13,25,515,836,508,1055
fixed,global,500,13,26,497,1066,425,1468
fixed,global,500,13,27,0,0,0,0
fixed,global,500,13,28,794,481,790,315
fixed,global,500,13,29,0,0,0,0
fixed,global,500,13,30,4,8493,4,8532
exponential,local,50,13,1,833,68,832,93
exponential,local,50,13,2,836,70,834,94
exponential,local,50,13,3,842,67,838,92
exponential,local,50,13,4,773,144,772,318
exponential,local,50,13,5,775,81,774,110
exponential,local,50,13,6,835,68,834,93
exponential,local,50,13,7,838,67,836,92
exponential,local,50,13,8,835,79,834,86
exponential,local,50,13,9,777,73,776,100
exponential,local,50,13,10,776,96,775,129
exponential,local,50,13,11,839,65,838,89
exponential,local,50,13,12,841,65,839,90
exponential,local,50,13,13,837,78,836,77
exponential,local,50,13,14,775,82,775,110
exponential,local,50,13,15,777,82,776,111
exponential,local,50,13,16,842,141,836,247
exponential,local,50,13,17,839,76,835,94
exponential,local,50,13,18,839,84,838,83
exponential,local,50,13,19,780,159,776,311
exponential,local,50,13,20,795,161,775,257
exponential,local,50,13,21,838,67,837,90
exponential,local,50,13,22,837,46,835,69
exponential,local,50,13,23,840,139,836,291
exponential,local,50,13,24,775,122,774,218
exponential,local,50,13,25,776,74,775,100
exponential,local,50,13,26,845,68,843,92
exponential,local,50,13,27,841,63,839,75
exponential,local,50,13,28,853,181,833,417
exponential,local,50,13,29,778,74,775,100
exponential,local,50,13,30,775,91,774,121
exponential,regional,200,13,1,836,355,828,407
exponential,regional,200,13,2,768,322,766,411
exponential,regional,200,13,3,0,0,0,0
exponential,regional,200,13,4,773,287,770,369
exponential,regional,200,13,5,776,288,769,370
exponential,regional,200,13,6,828,265,826,349
exponential,regional,200,13,7,832,268,825,338
exponential,regional,200,13,8,836,300,829,321
exponential,regional,200,13,9,770,335,765,429
exponential,regional,200,13,10,773,311,767,398
exponential,regional,200,13,11,871,191,860,259
exponential,regional,200,13,12,771,280,765,361
exponential,regional,200,13,13,773,287,769,368
exponential,regional,200,13,14,831,257,827,338
exponential,regional,200,13,15,831,244,830,323
exponential,regional,200,13,16,769,303,766,389
exponential,regional,200,13,17,836,554,764,774
exponential,regional,200,13,18,838,263,831,337
exponential,regional,200,13,19,837,274,828,345
exponential,regional,200,13,20,839,330,828,364
exponential,regional,200,13,21,841,532,759,769
exponential,regional,200,13,22,773,330,766,423
exponential,regional,200,13,23,830,256,828,335
exponential,regional,200,13,24,839,267,830,337
exponential,regional,200,13,25,836,283,828,350
exponential,regional,200,13,26,767,298,764,382
exponential,regional,200,13,27,772,342,765,439
exponential,regional,200,13,28,837,286,829,360
exponential,regional,200,13,29,833,317,826,375
exponential,regional,200,13,30,836,279,832,362
exponential,global,500,13,1,0,0,0,0
exponential,global,500,13,2,0,0,0,0
exponential,global,500,13,3,504,1254,482,1542
exponential,global,500,13,4,14,14109,13,14244
exponential,global,500,13,5,803,807,807,966
exponential,global,500,13,6,28,12005,27,12220
exponential,global,500,13,7,0,0,0,0
exponential,global,500,13,8,760,784,748,993
exponential,global,500,13,9,753,777,747,983
exponential,global,500,13,10,818,650,811,830
exponential,global,500,13,11,0,0,0,0
exponential,global,500,13,12,0,0,0,0
exponential,global,500,13,13,138,4307,137,4693
exponential,global,500,13,14,0,0,0,0
exponential,global,500,13,15,0,0,0,0
exponential,global,500,13,16,220,1529,200,1731
exponential,global,500,13,17,0,0,0,0
exponential,global,500,13,18,0,0,0,0
exponential,global,500,13,19,0,0,0,0
exponential,global,500,13,20,0,0,0,0
exponential,global,500,13,21,0,0,0,0
exponential,global,500,13,22,0,0,0,0
exponential,global,500,13,23,0,0,0,0
exponential,global,500,13,24,46,4802,43,4952
exponential,global,500,13,25,0,0,0,0
exponential,global,500,13,26,757,759,744,961
exponential,global,500,13,27,7,8488,7,8550
exponential,global,500,13,28,239,1103,228,1408
exponential,global,500,13,29,827,655,811,850
exponential,global,500,13,30,740,1118,657,1438
adaptive,local,50,13,1,842,66,839,91
adaptive,local,50,13,2,844,66,843,90
adaptive,local,50,13,3,844,66,842,90
adaptive,local,50,13,4,776,78,775,105
adaptive,local,50,13,5,777,185,775,422
adaptive,local,50,13,6,844,65,841,89
adaptive,local,50,13,7,843,68,842,91
adaptive,local,50,13,8,846,67,843,89
adaptive,local,50,13,9,775,94,774,126
adaptive,local,50,13,10,779,76,775,103
adaptive,local,50,13,11,843,41,842,67
adaptive,local,50,13,12,845,136,843,156
adaptive,local,50,13,13,842,84,842,74
adaptive,local,50,13,14,843,112,775,204
adaptive,local,50,13,15,775,113,774,173
adaptive,local,50,13,16,936,831,847,1220
adaptive,local,50,13,17,841,63,840,73
adaptive,local,50,13,18,843,78,842,95
adaptive,local,50,13,19,777,79,775,106
adaptive,local,50,13,20,776,75,775,101
adaptive,local,50,13,21,840,91,839,124
adaptive,local,50,13,22,845,66,843,71
adaptive,local,50,13,23,845,69,844,94
adaptive,local,50,13,24,776,91,775,121
adaptive,local,50,13,25,776,73,776,99
adaptive,local,50,13,26,919,92,843,146
adaptive,local,50,13,27,847,65,844,90
adaptive,local,50,13,28,844,70,843,74
adaptive,local,50,13,29,776,75,775,101
adaptive,local,50,13,30,776,75,775,102
adaptive,regional,200,13,1,839,247,836,324
adaptive,regional,200,13,2,772,298,766,382
adaptive,regional,200,13,3,771,294,768,380
adaptive,regional,200,13,4,841,273,835,316
adaptive,regional,200,13,5,843,507,834,650
adaptive,regional,200,13,6,782,576,778,1014
adaptive,regional,200,13,7,765,337,762,430
adaptive,regional,200,13,8,794,265,833,326
adaptive,regional,200,13,9,842,769,834,1229
adaptive,regional,200,13,10,837,268,836,343
adaptive,regional,200,13,11,771,290,769,372
adaptive,regional,200,13,12,770,291,766,375
adaptive,regional,200,13,13,836,3958,833,5081
adaptive,regional,200,13,14,840,327,836,343
adaptive,regional,200,13,15,1071,1378,839,2018
adaptive,regional,200,13,16,772,359,765,461
adaptive,regional,200,13,17,776,285,769,366
adaptive,regional,200,13,18,846,1118,838,1561
adaptive,regional,200,13,19,944,752,834,1047
adaptive,regional,200,13,20,844,248,837,317
adaptive,regional,200,13,21,768,288,767,369
adaptive,regional,200,13,22,768,302,766,388
adaptive,regional,200,13,23,841,279,835,356
adaptive,regional,200,13,24,1082,1763,835,3170
adaptive,regional,200,13,25,839,250,836,326
adaptive,regional,200,13,26,822,465,766,633
adaptive,regional,200,13,27,776,289,768,371
adaptive,regional,200,13,28,839,238,832,320
adaptive,regional,200,13,29,839,267,838,341
adaptive,regional,200,13,30,778,486,768,635
adaptive,global,500,13,1,841,827,813,1042
adaptive,global,500,13,2,527,932,520,1150
adaptive,global,500,13,3,514,963,510,1205
adaptive,global,500,13,4,752,915,749,1165
adaptive,global,500,13,5,615,7347,607,11960
adaptive,global,500,13,6,439,1132,436,1416
adaptive,global,500,13,7,816,720,811,919
adaptive,global,500,13,8,744,1400,737,1819
adaptive,global,500,13,9,725,5009,719,8245
adaptive,global,500,13,10,822,761,816,927
adaptive,global,500,13,11,821,4869,813,6859
adaptive,global,500,13,12,821,1520,815,5902
adaptive,global,500,13,13,647,842,634,1068
adaptive,global,500,13,14,709,1383,707,1819
adaptive,global,500,13,15,820,4747,818,7077
adaptive,global,500,13,16,827,737,820,918
adaptive,global,500,13,17,0,0,0,0
adaptive,global,500,13,18,758,2448,745,3789
adaptive,global,500,13,19,770,2758,755,4446
adaptive,global,500,13,20,787,5006,781,7957
adaptive,global,500,13,21,840,830,832,990
adaptive,global,500,13,22,743,812,733,1066
adaptive,global,500,13,23,482,1100,473,1318
adaptive,global,500,13,24,804,3296,796,5228
adaptive,global,500,13,25,652,1756,380,6281
adaptive,global,500,13,26,448,1112,445,1333
adaptive,global,500,13,27,345,2234,236,2735
adaptive,global,500,13,28,769,4404,758,6854
adaptive,global,500,13,29,679,838,670,1066
adaptive,global,500,13,30,841,1727,820,3806
